2024-07-02T06:54:29Z,panic,quantities must match the regular expression '^([+-]?[0-9.]+)([eEinumkKMGTP]*[-+]?[0-9]*)$',main.fuzzPodObjectMutator,ExampleCoverageData
2024-07-02T06:54:29Z,panic,quantities must match the regular expression '^([+-]?[0-9.]+)([eEinumkKMGTP]*[-+]?[0-9]*)$',main.fuzzPodObjectMutator,ExampleCoverageData
2024-07-02T06:54:29Z,panic,quantities must match the regular expression '^([+-]?[0-9.]+)([eEinumkKMGTP]*[-+]?[0-9]*)$',main.fuzzPodObjectMutator,ExampleCoverageData
2024-07-02T06:54:29Z,panic,quantities must match the regular expression '^([+-]?[0-9.]+)([eEinumkKMGTP]*[-+]?[0-9]*)$',main.fuzzPodObjectMutator,ExampleCoverageData
2024-07-02T06:54:30Z,panic,quantities must match the regular expression '^([+-]?[0-9.]+)([eEinumkKMGTP]*[-+]?[0-9]*)$',main.fuzzPodObjectMutator,ExampleCoverageData
2024-07-02T06:54:30Z,panic,quantities must match the regular expression '^([+-]?[0-9.]+)([eEinumkKMGTP]*[-+]?[0-9]*)$',main.fuzzPodObjectMutator,ExampleCoverageData
2024-07-02T06:54:30Z,panic,quantities must match the regular expression '^([+-]?[0-9.]+)([eEinumkKMGTP]*[-+]?[0-9]*)$',main.fuzzPodObjectMutator,ExampleCoverageData
2024-07-02T06:54:30Z,panic,quantities must match the regular expression '^([+-]?[0-9.]+)([eEinumkKMGTP]*[-+]?[0-9]*)$',main.fuzzPodObjectMutator,ExampleCoverageData
2024-07-02T06:54:30Z,panic,quantities must match the regular expression '^([+-]?[0-9.]+)([eEinumkKMGTP]*[-+]?[0-9]*)$',main.fuzzPodObjectMutator,ExampleCoverageData
2024-07-02T06:54:30Z,panic,quantities must match the regular expression '^([+-]?[0-9.]+)([eEinumkKMGTP]*[-+]?[0-9]*)$',main.fuzzPodObjectMutator,ExampleCoverageData
2024-07-02T06:54:31Z,panic,quantities must match the regular expression '^([+-]?[0-9.]+)([eEinumkKMGTP]*[-+]?[0-9]*)$',main.fuzzPodObjectMutator,ExampleCoverageData
2024-07-02T06:54:31Z,panic,quantities must match the regular expression '^([+-]?[0-9.]+)([eEinumkKMGTP]*[-+]?[0-9]*)$',main.fuzzPodObjectMutator,ExampleCoverageData
2024-07-02T06:54:31Z,panic,quantities must match the regular expression '^([+-]?[0-9.]+)([eEinumkKMGTP]*[-+]?[0-9]*)$',main.fuzzPodObjectMutator,ExampleCoverageData
2024-07-02T06:54:31Z,panic,quantities must match the regular expression '^([+-]?[0-9.]+)([eEinumkKMGTP]*[-+]?[0-9]*)$',main.fuzzPodObjectMutator,ExampleCoverageData
2024-07-02T06:54:31Z,panic,quantities must match the regular expression '^([+-]?[0-9.]+)([eEinumkKMGTP]*[-+]?[0-9]*)$',main.fuzzPodObjectMutator,ExampleCoverageData
2024-07-02T06:54:31Z,panic,quantities must match the regular expression '^([+-]?[0-9.]+)([eEinumkKMGTP]*[-+]?[0-9]*)$',main.fuzzPodObjectMutator,ExampleCoverageData
2024-07-02T06:54:31Z,panic,quantities must match the regular expression '^([+-]?[0-9.]+)([eEinumkKMGTP]*[-+]?[0-9]*)$',main.fuzzPodObjectMutator,ExampleCoverageData
2024-07-02T06:54:31Z,panic,quantities must match the regular expression '^([+-]?[0-9.]+)([eEinumkKMGTP]*[-+]?[0-9]*)$',main.fuzzPodObjectMutator,ExampleCoverageData
2024-07-02T06:54:31Z,panic,quantities must match the regular expression '^([+-]?[0-9.]+)([eEinumkKMGTP]*[-+]?[0-9]*)$',main.fuzzPodObjectMutator,ExampleCoverageData
2024-07-02T06:54:31Z,panic,quantities must match the regular expression '^([+-]?[0-9.]+)([eEinumkKMGTP]*[-+]?[0-9]*)$',main.fuzzPodObjectMutator,ExampleCoverageData
2024-07-02T06:54:32Z,panic,quantities must match the regular expression '^([+-]?[0-9.]+)([eEinumkKMGTP]*[-+]?[0-9]*)$',main.fuzzPodObjectMutator,ExampleCoverageData
2024-07-02T06:54:32Z,panic,quantities must match the regular expression '^([+-]?[0-9.]+)([eEinumkKMGTP]*[-+]?[0-9]*)$',main.fuzzPodObjectMutator,ExampleCoverageData
2024-07-02T06:54:32Z,panic,quantities must match the regular expression '^([+-]?[0-9.]+)([eEinumkKMGTP]*[-+]?[0-9]*)$',main.fuzzPodObjectMutator,ExampleCoverageData
2024-07-02T06:54:32Z,panic,quantities must match the regular expression '^([+-]?[0-9.]+)([eEinumkKMGTP]*[-+]?[0-9]*)$',main.fuzzPodObjectMutator,ExampleCoverageData
